{
    "type": "APL",
    "version": "1.4",
    "graphics": {
      "Santa": {
        "type": "AVG",
        "version": "1.1",
        "width": 512,
        "height": 512,
        "description": "[party]santaclaus",
        "items": [
          {
            "description": "line",
            "items": [
              {
                "description": "组 4",
                "translateX": "${@ease64(frame)}",
                "translateY": "${@ease65(frame)}",
                "opacity": "${(@ease66(frame)*0.01)}",
                "items": [
                  {
                    "type": "path",
                    "pathData": "M30 2.5 C30,2.5 -30,2.5 -30,2.5 C-31.381,2.5 -32.5,1.381 -32.5,0 C-32.5,-1.381 -31.381,-2.5 -30,-2.5 C-30,-2.5 30,-2.5 30,-2.5 C31.381,-2.5 32.5,-1.381 32.5,0 C32.5,1.381 31.381,2.5 30,2.5z",
                    "fill": "rgb(184.11000061047,225.92999267589,255,1)"
                  }
                ],
                "type": "group"
              },
              {
                "description": "组 3",
                "translateX": "${@ease61(frame)}",
                "translateY": "${@ease62(frame)}",
                "opacity": "${(@ease63(frame)*0.01)}",
                "items": [
                  {
                    "type": "path",
                    "pathData": "M30 2.5 C30,2.5 -30,2.5 -30,2.5 C-31.381,2.5 -32.5,1.381 -32.5,0 C-32.5,-1.381 -31.381,-2.5 -30,-2.5 C-30,-2.5 30,-2.5 30,-2.5 C31.381,-2.5 32.5,-1.381 32.5,0 C32.5,1.381 31.381,2.5 30,2.5z",
                    "fill": "rgb(184.11000061047,225.92999267589,255,1)"
                  }
                ],
                "type": "group"
              },
              {
                "description": "组 2",
                "translateX": "${@ease58(frame)}",
                "translateY": "${@ease59(frame)}",
                "opacity": "${(@ease60(frame)*0.01)}",
                "items": [
                  {
                    "type": "path",
                    "pathData": "M30 2.5 C30,2.5 -30,2.5 -30,2.5 C-31.381,2.5 -32.5,1.381 -32.5,0 C-32.5,-1.381 -31.381,-2.5 -30,-2.5 C-30,-2.5 30,-2.5 30,-2.5 C31.381,-2.5 32.5,-1.381 32.5,0 C32.5,1.381 31.381,2.5 30,2.5z",
                    "fill": "rgb(184.11000061047,225.92999267589,255,1)"
                  }
                ],
                "type": "group"
              },
              {
                "description": "组 1",
                "translateX": "${@ease55(frame)}",
                "translateY": "${@ease56(frame)}",
                "opacity": "${(@ease57(frame)*0.01)}",
                "items": [
                  {
                    "type": "path",
                    "pathData": "M30 2.5 C30,2.5 -30,2.5 -30,2.5 C-31.381,2.5 -32.5,1.381 -32.5,0 C-32.5,-1.381 -31.381,-2.5 -30,-2.5 C-30,-2.5 30,-2.5 30,-2.5 C31.381,-2.5 32.5,-1.381 32.5,0 C32.5,1.381 31.381,2.5 30,2.5z",
                    "fill": "rgb(184.11000061047,225.92999267589,255,1)"
                  }
                ],
                "type": "group"
              }
            ],
            "type": "group",
            "translateX": 78.75,
            "translateY": 164.75,
            "pivotX": 180.75,
            "pivotY": 86.25
          },
          {
            "type": "group",
            "items": {
              "description": "hand",
              "items": [
                {
                  "description": "组 2",
                  "translateX": 31.552,
                  "translateY": 31.123,
                  "items": [
                    {
                      "type": "path",
                      "pathData": "M15.103 24.287 C12.863,24.287 10.623000000000001,23.432 8.912,21.723 C8.912,21.723 -21.295,-8.484 -21.295,-8.484 C-24.714000000000002,-11.904 -24.714000000000002,-17.448 -21.295,-20.867 C-17.875,-24.287 -12.333,-24.287 -8.912,-20.867 C-8.912,-20.867 21.294,9.34 21.294,9.34 C24.714,12.759 24.714,18.304 21.294,21.723 C19.584,23.432 17.344,24.287 15.103,24.287z",
                      "fill": "rgb(223.88999938953,77.00999450679,70.125,1)"
                    }
                  ],
                  "type": "group"
                },
                {
                  "description": "组 1",
                  "translateX": 11.633,
                  "translateY": 11.632,
                  "items": [
                    {
                      "type": "path",
                      "pathData": "M11.383 0 C11.383,6.286 6.286,11.382 0,11.382 C-6.286,11.382 -11.383,6.286 -11.383,0 C-11.383,-6.287 -6.286,-11.382 0,-11.382 C6.286,-11.382 11.383,-6.287 11.383,0z",
                      "fill": "rgb(247.095001220685,200.94000244136998,159.12001037595002,1)"
                    }
                  ],
                  "type": "group"
                }
              ],
              "type": "group",
              "translateX": 83.88499999999999,
              "translateY": 44.867000000000004,
              "pivotX": 42.456,
              "pivotY": 42.58,
              "rotation": "${@ease54(frame)}"
            },
            "translateX": "${(@ease51(frame)-112.038)}",
            "translateY": "${(@ease52(frame)-101.368)}",
            "pivotX": 112.038,
            "pivotY": 101.368
          },
          {
            "description": "sled",
            "items": [
              {
                "description": "组 32",
                "translateX": 171.164,
                "translateY": 20.726,
                "items": [
                  {
                    "type": "path",
                    "pathData": "M-20.047 -18.95 C-20.047,-18.95 15.046,-20.476 19.718,16.35 C20.047,18.94 16.911,20.476 15.085,18.611 C8.558,11.946000000000002 -3.8279999999999994,2.9799999999999995 -20.047,8.193 C-20.047,8.193 -20.047,-18.95 -20.047,-18.95z",
                    "fill": "rgb(245.05500793458,91.03499603271,78.029998779315,1)"
                  }
                ],
                "type": "group"
              },
              {
                "description": "组 31",
                "translateX": 189.642,
                "translateY": 40.301,
                "items": [
                  {
                    "type": "path",
                    "pathData": "M7.88 0 C7.88,4.352 4.352,7.88 0,7.88 C-4.352,7.88 -7.88,4.352 -7.88,0 C-7.88,-4.352 -4.352,-7.88 0,-7.88 C4.352,-7.88 7.88,-4.352 7.88,0z",
                    "fill": "rgb(223.125,235.875,236.895004272525,1)"
                  }
                ],
                "type": "group"
              },
              {
                "description": "组 30",
                "translateX": 151.118,
                "translateY": 41.177,
                "items": [
                  {
                    "type": "path",
                    "pathData": "M2.797 32.396 C2.797,32.396 -2.799,32.396 -2.799,32.396 C-18.114,32.396 -30.645,19.865000000000002 -30.645,4.549 C-30.645,4.549 -30.645,-4.549 -30.645,-4.549 C-30.645,-19.865000000000002 -18.114,-32.396 -2.799,-32.396 C-2.799,-32.396 2.797,-32.396 2.797,-32.396 C18.113,-32.396 30.645,-19.865000000000002 30.645,-4.549 C30.645,-4.549 30.645,4.549 30.645,4.549 C30.645,19.865000000000002 18.113,32.396 2.797,32.396z",
                    "fill": "rgb(253.979995727475,214.964996337945,175.94999694816,1)"
                  }
                ],
                "type": "group"
              },
              {
                "description": "组 29",
                "translateX": 137.984,
                "translateY": 43.803,
                "items": [
                  {
                    "type": "path",
                    "pathData": "M0 7.004 C0,7.004 0,7.004 0,7.004 C-2.167,7.004 -3.939,5.231999999999999 -3.939,3.065 C-3.939,3.065 -3.939,-3.065 -3.939,-3.065 C-3.939,-5.231999999999999 -2.167,-7.004 0,-7.004 C2.167,-7.004 3.939,-5.231999999999999 3.939,-3.065 C3.939,-3.065 3.939,3.065 3.939,3.065 C3.939,5.231999999999999 2.167,7.004 0,7.004z",
                    "fill": "rgb(172.88999938953,48.959999084550006,0,1)"
                  }
                ],
                "type": "group"
              },
              {
                "description": "组 28",
                "translateX": 164.251,
                "translateY": 43.803,
                "items": [
                  {
                    "type": "path",
                    "pathData": "M0 7.004 C0,7.004 0,7.004 0,7.004 C-2.167,7.004 -3.94,5.231999999999999 -3.94,3.065 C-3.94,3.065 -3.94,-3.065 -3.94,-3.065 C-3.94,-5.231999999999999 -2.167,-7.004 0,-7.004 C2.167,-7.004 3.94,-5.231999999999999 3.94,-3.065 C3.94,-3.065 3.94,3.065 3.94,3.065 C3.94,5.231999999999999 2.167,7.004 0,7.004z",
                    "fill": "rgb(172.88999938953,48.959999084550006,0,1)"
                  }
                ],
                "type": "group"
              },
              {
                "description": "组 27",
                "translateX": 151.117,
                "translateY": 21.038,
                "items": [
                  {
                    "type": "path",
                    "pathData": "M-30.644 19.262 C-30.644,19.262 -26.266,7.881 0.001,7.881 C26.268,7.881 30.439,19.262 30.439,19.262 C30.439,19.262 38.525999999999996,-19.262 0.001,-19.262 C-38.525000000000006,-19.262 -30.644,19.262 -30.644,19.262z",
                    "fill": "rgb(245.05500793458,91.03499603271,78.029998779315,1)"
                  }
                ],
                "type": "group"
              },
              {
                "description": "组 26",
                "translateX": 151.117,
                "translateY": 111.222,
                "items": [
                  {
                    "type": "path",
                    "pathData": "M49.907 0 C49.907,27.563 27.563,49.908 0,49.908 C-27.564,49.908 -49.907,27.563 -49.907,0 C-49.907,-27.563 -27.564,-49.908 0,-49.908 C27.563,-49.908 49.907,-27.563 49.907,0z",
                    "fill": "rgb(245.05500793458,91.03499603271,78.029998779315,1)"
                  }
                ],
                "type": "group"
              },
              {
                "description": "组 25",
                "translateX": 151.118,
                "translateY": 64.817,
                "items": [
                  {
                    "type": "path",
                    "pathData": "M25.391 11.382 C25.391,11.382 -25.392,11.382 -25.392,11.382 C-31.652,11.382 -36.774,6.261 -36.774,0.001 C-36.774,-6.26 -31.652,-11.382 -25.392,-11.382 C-25.392,-11.382 25.391,-11.382 25.391,-11.382 C31.651999999999997,-11.382 36.774,-6.26 36.774,0.001 C36.774,6.261 31.651999999999997,11.382 25.391,11.382z",
                    "fill": "rgb(235.11000061047002,246.07499694816002,247.095001220685,1)"
                  }
                ],
                "type": "group"
              },
              {
                "description": "组 24",
                "translateX": 151.117,
                "translateY": 65.692,
                "items": [
                  {
                    "type": "path",
                    "pathData": "M-3.064 -1.751 C-3.064,-1.751 -3.056,-1.751 -3.056,-1.751 C-3.056,-1.751 -3.064,-1.751 -3.064,-1.751zM0 3.064 C-4.668,3.064 -5.691,-0.4119999999999999 -5.691,-1.751 C-5.691,-2.477 -5.103,-3.064 -4.378,-3.064 C-3.6590000000000003,-3.064 -3.073,-2.485 -3.064,-1.767 C-3.047,-1.246 -2.778,0.438 0,0.438 C2.979,0.438 3.065,-1.527 3.065,-1.751 C3.065,-2.477 3.654,-3.064 4.378,-3.064 C5.104,-3.064 5.691,-2.477 5.691,-1.751 C5.691,-0.4119999999999999 4.669,3.064 0,3.064z",
                    "fill": "rgb(255,163.964996337945,135.91499328610502,1)"
                  }
                ],
                "type": "group"
              },
              {
                "description": "组 23",
                "translateX": 132.869,
                "translateY": 34.191,
                "items": [
                  {
                    "type": "path",
                    "pathData": "M19.562 -10.077 C19.268,-10.08 18.985,-10.088 18.686,-10.088 C-8.684000000000001,-10.088 -17.811,2.638 -18.186,3.18 C-19.562,5.168 -19.086,7.923 -17.098,9.299 C-16.331,9.831 -15.454,10.088 -14.589,10.088 C-13.216000000000001,10.088 -11.872,9.440000000000001 -11.027,8.22 C-10.956,8.125 -3.684000000000001,-1.333 18.686,-1.333 C18.985,-1.333 19.269000000000002,-1.325 19.562,-1.322 C19.562,-1.322 19.562,-10.077 19.562,-10.077z",
                    "fill": "rgb(235.11000061047002,246.07499694816002,247.095001220685,1)"
                  }
                ],
                "type": "group"
              },
              {
                "description": "组 22",
                "translateX": 152.427,
                "translateY": 34.191,
                "items": [
                  {
                    "type": "path",
                    "pathData": "M37.744 3.18 C37.368,2.638 28.243,-10.088 0.872,-10.088 C0.575,-10.088 0.292,-10.08 -0.001,-10.077 C-0.293,-10.08 -0.575,-10.088 -0.873,-10.088 C-28.243000000000002,-10.088 -37.368,2.638 -37.743,3.18 C-39.119,5.168 -38.644999999999996,7.923000000000001 -36.656,9.3 C-35.888999999999996,9.831000000000001 -35.012,10.088 -34.148,10.088 C-32.775000000000006,10.088 -31.429,9.44 -30.584,8.221 C-30.512999999999998,8.125 -23.243000000000002,-1.333 -0.873,-1.333 C-0.5760000000000001,-1.333 -0.293,-1.325 -0.003,-1.322 C-0.003,-1.322 -0.001,-1.322 -0.001,-1.322 C-0.001,-1.322 0.003,-1.322 0.003,-1.322 C0.293,-1.325 0.5760000000000001,-1.333 0.872,-1.333 C23.243,-1.333 30.512999999999998,8.125 30.584,8.221 C31.429,9.44 32.775000000000006,10.088 34.148,10.088 C35.013000000000005,10.088 35.888999999999996,9.831000000000001 36.656,9.3 C38.644,7.923000000000001 39.12,5.168 37.744,3.18z",
                    "fill": "rgb(235.11000061047002,246.07499694816002,247.095001220685,1)"
                  }
                ],
                "type": "group"
              },
              {
                "description": "组 21",
                "translateX": 69.689,
                "translateY": 125.232,
                "items": [
                  {
                    "type": "path",
                    "pathData": "M21.89 24.516 C21.89,24.516 -21.89,24.516 -21.89,24.516 C-25.742,24.516 -28.894,21.364 -28.894,17.511 C-28.894,17.511 -28.894,-17.511 -28.894,-17.511 C-28.894,-21.364 -25.742,-24.516 -21.89,-24.516 C-21.89,-24.516 21.89,-24.516 21.89,-24.516 C25.743000000000002,-24.516 28.894,-21.364 28.894,-17.511 C28.894,-17.511 28.894,17.511 28.894,17.511 C28.894,21.364 25.743000000000002,24.516 21.89,24.516z",
                    "fill": "rgb(252.959991455205,94.09499359134,147.89999389657498,1)"
                  }
                ],
                "type": "group"
              },
              {
                "description": "组 20",
                "translateX": 69.689,
                "translateY": 102.467,
                "items": [
                  {
                    "type": "path",
                    "pathData": "M29.77 -8.756 C29.77,-8.756 -29.77,-8.756 -29.77,-8.756 C-31.695999999999998,-8.756 -33.271,-7.18 -33.271,-5.254 C-33.271,-5.254 -33.271,5.254 -33.271,5.254 C-33.271,7.18 -31.695999999999998,8.756 -29.77,8.756 C-29.77,8.756 29.77,8.756 29.77,8.756 C31.695999999999998,8.756 33.271,7.18 33.271,5.254 C33.271,5.254 33.271,-5.254 33.271,-5.254 C33.271,-7.18 31.695999999999998,-8.756 29.77,-8.756z",
                    "fill": "rgb(238.93499755863002,85.935005187975,145.095001220685,1)"
                  }
                ],
                "type": "group"
              },
              {
                "description": "组 19",
                "translateX": 69.689,
                "translateY": 121.729,
                "items": [
                  {
                    "type": "path",
                    "pathData": "M6.129 28.018 C6.129,28.018 -6.129,28.018 -6.129,28.018 C-6.129,28.018 -6.129,-28.018 -6.129,-28.018 C-6.129,-28.018 6.129,-28.018 6.129,-28.018 C6.129,-28.018 6.129,28.018 6.129,28.018z",
                    "fill": "rgb(14.02499961852,172.125,255,1)"
                  }
                ],
                "type": "group"
              },
              {
                "description": "组 18",
                "translateX": 58.744,
                "translateY": 77.512,
                "items": [
                  {
                    "type": "path",
                    "pathData": "M5.391 10.945 C-1.189,9.462 -8.081,7.023 -10.615,5.348 C-9.922,4.173 -8.283999999999999,2.371 -5.651,2.371 C-3.7849999999999997,2.371 0.6310000000000002,3.359 6.918,10.945 C6.918,10.945 5.391,10.945 5.391,10.945zM-16.198 6.568 C-15.322000000000001,11.821 4.815,16.198 4.815,16.198 C4.815,16.198 17.074,16.198 17.074,16.198 C-3.0649999999999977,-16.198 -17.074,1.314 -16.198,6.568z",
                    "fill": "rgb(14.02499961852,172.125,255,1)"
                  }
                ],
                "type": "group"
              },
              {
                "description": "组 17",
                "translateX": 80.595,
                "translateY": 77.512,
                "items": [
                  {
                    "type": "path",
                    "pathData": "M-6.918 10.945 C-0.6310000000000002,3.359 3.7849999999999997,2.371 5.651,2.371 C8.283999999999999,2.371 9.922,4.173 10.615,5.348 C8.082,7.023 1.189,9.462 -5.391,10.945 C-5.391,10.945 -6.918,10.945 -6.918,10.945zM-17.074 16.198 C-17.074,16.198 -4.815,16.198 -4.815,16.198 C-4.815,16.198 15.323,11.821 16.198,6.568 C17.074,1.314 3.064,-16.198 -17.074,16.198z",
                    "fill": "rgb(14.02499961852,172.125,255,1)"
                  }
                ],
                "type": "group"
              },
              {
                "description": "组 16",
                "translateX": 118.963,
                "translateY": 129.455,
                "items": [
                  {
                    "type": "path",
                    "pathData": "M10.447 31.162 C10.447,31.162 -29.783,13.896 -29.783,13.896 C-33.324,12.377 -34.977,8.237 -33.458,4.697 C-33.458,4.697 -19.646,-27.487 -19.646,-27.487 C-18.126,-31.026999999999997 -13.986999999999998,-32.681000000000004 -10.447,-31.161 C-10.447,-31.161 29.784,-13.897 29.784,-13.897 C33.324,-12.377 34.977000000000004,-8.237 33.459,-4.697 C33.459,-4.697 19.646,27.487 19.646,27.487 C18.127000000000002,31.026999999999997 13.986999999999998,32.681 10.447,31.162z",
                    "fill": "rgb(181.049987792895,121.125,250.92001342779,1)"
                  }
                ],
                "type": "group"
              },
              {
                "description": "组 15",
                "translateX": 127.941,
                "translateY": 108.535,
                "items": [
                  {
                    "type": "path",
                    "pathData": "M30.81 3.694 C30.81,3.694 -23.904,-19.786 -23.904,-19.786 C-25.674,-20.546000000000003 -27.743,-19.719 -28.503,-17.949 C-28.503,-17.949 -32.647,-8.294 -32.647,-8.294 C-33.406,-6.524000000000001 -32.581,-4.453 -30.811,-3.694 C-30.811,-3.694 23.904,19.786 23.904,19.786 C25.674,20.546000000000003 27.744,19.719 28.503,17.949 C28.503,17.949 32.646,8.294 32.646,8.294 C33.406,6.523000000000001 32.58,4.454 30.81,3.694z",
                    "fill": "rgb(159.88499450679,112.964996337945,234.089996337945,1)"
                  }
                ],
                "type": "group"
              },
              {
                "description": "组 14",
                "translateX": 120.344,
                "translateY": 126.237,
                "items": [
                  {
                    "type": "path",
                    "pathData": "M-5.417 28.165 C-5.417,28.165 -16.682,23.331 -16.682,23.331 C-16.682,23.331 5.417,-28.165 5.417,-28.165 C5.417,-28.165 16.682,-23.331 16.682,-23.331 C16.682,-23.331 -5.417,28.165 -5.417,28.165z",
                    "fill": "rgb(54.05999755863,223.125,177.99000549321002,1)"
                  }
                ],
                "type": "group"
              },
              {
                "description": "组 13",
                "translateX": 128.755,
                "translateY": 90.728,
                "items": [
                  {
                    "type": "path",
                    "pathData": "M-2.993 7.344 C-2.993,7.344 -3.6929999999999996,0.49299999999999944 -9.011,-4.075 C-9.655,-4.6290000000000004 -9.219999999999999,-5.681 -8.373,-5.61 C-8.373,-5.61 -3.989,-5.243 -3.989,-5.243 C-3.5919999999999996,-5.2090000000000005 -3.222,-5.447 -3.09,-5.823 C-2.731,-6.837000000000001 -2.109,-8.92 -2.17,-11.007 C-2.1919999999999997,-11.797 -1.2120000000000002,-12.178 -0.662,-11.612 C2.843,-8.002 9.654,0.6380000000000017 8.271,12.178 C8.271,12.178 -2.993,7.344 -2.993,7.344z",
                    "fill": "rgb(54.05999755863,223.125,177.99000549321002,1)"
                  }
                ],
                "type": "group"
              },
              {
                "description": "组 12",
                "translateX": 140.766,
                "translateY": 98.202,
                "items": [
                  {
                    "type": "path",
                    "pathData": "M-15.004 -0.13 C-15.004,-0.13 -3.3889999999999993,-9.437 5.807,-6.443 C15.004,-3.4489999999999994 7.289,9.437 7.289,9.437 C7.289,9.437 -15.004,-0.13 -15.004,-0.13z",
                    "fill": "rgb(54.05999755863,223.125,177.99000549321002,1)"
                  }
                ],
                "type": "group"
              },
              {
                "description": "组 11",
                "translateX": 111.144,
                "translateY": 183.461,
                "items": [
                  {
                    "type": "path",
                    "pathData": "M105.641 7.001 C105.641,7.001 50.699,7.001 50.699,7.001 C50.699,7.001 50.699,-8.321 50.699,-8.321 C50.699,-8.321 27.934,-8.321 27.934,-8.321 C27.934,-8.321 27.934,7.001 27.934,7.001 C27.934,7.001 -21.973,7.001 -21.973,7.001 C-21.973,7.001 -21.973,-8.321 -21.973,-8.321 C-21.973,-8.321 -44.738,-8.321 -44.738,-8.321 C-44.738,-8.321 -44.738,7.001 -44.738,7.001 C-44.738,7.001 -79.542,7.001 -79.542,7.001 C-87.007,7.001 -92.337,5.175 -95.381,1.575 C-99.61,-3.426 -98.476,-10.73 -98.446,-10.913 C-97.945,-13.757 -99.836,-16.476 -102.681,-16.993 C-105.533,-17.506999999999998 -108.27,-15.617999999999999 -108.789,-12.764 C-108.879,-12.271999999999998 -110.89399999999999,-0.6150000000000002 -103.496,8.25 C-98.369,14.393 -90.31,17.508 -79.542,17.508 C-79.542,17.508 105.641,17.508 105.641,17.508 C108.542,17.508 110.894,15.155 110.894,12.254 C110.894,9.354 108.542,7.001 105.641,7.001z",
                    "fill": "rgb(181.049987792895,143.05499267589002,93.07500457776,1)"
                  }
                ],
                "type": "group"
              },
              {
                "description": "组 10",
                "translateX": 12.642,
                "translateY": 172.448,
                "items": [
                  {
                    "type": "path",
                    "pathData": "M-0.083 1.676 C-0.042,0.7479999999999999 0.047,0.15000000000000002 0.055,0.1 C0.162,-0.506 0.155,-1.1030000000000002 0.059,-1.677 C0.057999999999999996,-1.6680000000000001 0.057,-1.66 0.055,-1.651 C0.042,-1.574 -0.163,-0.2250000000000001 -0.083,1.676z",
                    "fill": "rgb(0,0,0,1)"
                  }
                ],
                "type": "group"
              },
              {
                "description": "组 9",
                "translateX": 112.038,
                "translateY": 187.522,
                "opacity": 0.08,
                "items": [
                  {
                    "type": "path",
                    "pathData": "M104.747 11.695 C104.747,11.695 -80.436,11.695 -80.436,11.695 C-91.20400000000001,11.695 -99.263,8.581 -104.39,2.438 C-108.804,-2.852 -109.866,-9.134 -109.987,-13.447 C-110.10499999999999,-9.236999999999998 -109.44800000000001,-1.8709999999999996 -104.39,4.189 C-99.263,10.332 -91.20400000000001,13.447 -80.436,13.447 C-80.436,13.447 104.747,13.447 104.747,13.447 C107.648,13.447 110,11.094 110,8.193 C110,7.893999999999999 109.97,7.603 109.922,7.318 C109.50399999999999,9.801 107.35,11.695 104.747,11.695z",
                    "fill": "rgb(0,0,0,1)"
                  }
                ],
                "type": "group"
              },
              {
                "description": "组 8",
                "translateX": 114.124,
                "translateY": 122.824,
                "items": [
                  {
                    "type": "path",
                    "pathData": "M75.956 -55.818 C75.956,-55.818 67.199,-55.818 67.199,-55.818 C38.306,-55.818 14.666,-32.177 14.666,-3.283 C14.666,-3.283 14.666,8.536 14.666,8.536 C14.666,14.338999999999999 9.962,19.044 4.159,19.044 C4.159,19.044 -15.268,19.044 -15.268,19.044 C-17.8,19.044 -20.139,17.677 -21.372,15.464 C-30.486,-0.900999999999998 -47.964999999999996,-12.038 -67.931,-12.038 C-67.931,-12.038 -70.117,-12.038 -70.117,-12.038 C-82.96000000000001,-12.038 -93.467,-1.5310000000000006 -93.467,11.311 C-93.467,11.311 -93.467,29.587 -93.467,29.587 C-93.467,29.587 -93.467,41.225 -93.467,41.225 C-93.467,41.225 -93.467,45.273 -93.467,45.273 C-93.467,51.072 -88.72200000000001,55.818 -82.923,55.818 C-82.923,55.818 82.923,55.818 82.923,55.818 C88.72200000000001,55.818 93.467,51.072 93.467,45.273 C93.467,45.273 93.467,38.744 93.467,38.744 C93.467,38.744 93.467,29.587 93.467,29.587 C93.467,29.587 93.467,-38.306 93.467,-38.306 C93.467,-47.937 85.58800000000001,-55.818 75.956,-55.818z",
                    "fill": "rgb(245.05500793458,91.03499603271,78.029998779315,1)"
                  }
                ],
                "type": "group"
              },
              {
                "description": "组 7",
                "translateX": 114.124,
                "translateY": 109.69,
                "items": [
                  {
                    "type": "path",
                    "pathData": "M75.956 -42.684 C75.956,-42.684 67.199,-42.684 67.199,-42.684 C38.306,-42.684 14.666,-19.043999999999997 14.666,9.85 C14.666,9.85 14.666,21.67 14.666,21.67 C14.666,27.473000000000003 9.962,32.177 4.159,32.177 C4.159,32.177 -15.268,32.177 -15.268,32.177 C-17.801000000000002,32.177 -20.139,30.811 -21.372,28.598 C-30.486,12.233 -47.964999999999996,1.095 -67.931,1.095 C-67.931,1.095 -70.117,1.095 -70.117,1.095 C-82.96000000000001,1.095 -93.467,11.603 -93.467,24.445 C-93.467,24.445 -93.467,34.952 -93.467,34.952 C-93.467,22.108999999999998 -82.96000000000001,11.602 -70.117,11.602 C-70.117,11.602 -67.931,11.602 -67.931,11.602 C-47.964999999999996,11.602 -33.989,22.738999999999997 -24.874,39.105 C-23.641,41.317 -21.303,42.684 -18.77,42.684 C-18.77,42.684 12.915,42.684 12.915,42.684 C18.718,42.684 23.421,37.98 23.421,32.177 C23.421,32.177 23.421,20.357 23.421,20.357 C23.421,-8.536999999999999 38.306,-32.177 67.199,-32.177 C67.199,-32.177 75.956,-32.177 75.956,-32.177 C85.58800000000001,-32.177 93.467,-24.297 93.467,-14.666 C93.467,-14.666 93.467,-25.173 93.467,-25.173 C93.467,-34.804 85.58800000000001,-42.684 75.956,-42.684z",
                    "fill": "rgb(255,209.099990844735,6.88500022899,1)"
                  }
                ],
                "type": "group"
              },
              {
                "description": "组 6",
                "translateX": 30.283,
                "translateY": 119.452,
                "items": [
                  {
                    "type": "path",
                    "pathData": "M-3.498 4.465 C-3.728,4.465 -3.962,4.404 -4.174,4.278 C-4.7940000000000005,3.9029999999999996 -4.996,3.0980000000000003 -4.623,2.478 C-4.507000000000001,2.2830000000000004 -1.714,-2.3020000000000005 3.02,-4.195 C3.692,-4.465 4.458,-4.138 4.727,-3.464 C4.996,-2.791 4.6690000000000005,-2.026 3.996,-1.757 C0.09799999999999986,-0.19799999999999995 -2.348,3.791 -2.372,3.831 C-2.6189999999999998,4.2379999999999995 -3.0530000000000004,4.465 -3.498,4.465z",
                    "fill": "rgb(255,255,255,1)"
                  }
                ],
                "type": "group"
              },
              {
                "description": "组 5",
                "translateX": 38.169,
                "translateY": 114.724,
                "items": [
                  {
                    "type": "path",
                    "pathData": "M1.313 0 C1.313,0.726 0.725,1.313 0,1.313 C-0.726,1.313 -1.313,0.726 -1.313,0 C-1.313,-0.725 -0.726,-1.313 0,-1.313 C0.725,-1.313 1.313,-0.725 1.313,0z",
                    "fill": "rgb(255,255,255,1)"
                  }
                ],
                "type": "group"
              },
              {
                "description": "组 4",
                "translateX": 41.233,
                "translateY": 96.775,
                "items": [
                  {
                    "type": "path",
                    "pathData": "M1.751 1.313 C1.751,1.313 -1.751,1.313 -1.751,1.313 C-2.477,1.313 -3.064,0.725 -3.064,0 C-3.064,-0.726 -2.477,-1.313 -1.751,-1.313 C-1.751,-1.313 1.751,-1.313 1.751,-1.313 C2.477,-1.313 3.064,-0.726 3.064,0 C3.064,0.725 2.477,1.313 1.751,1.313z",
                    "fill": "rgb(255,255,255,1)"
                  }
                ],
                "type": "group"
              },
              {
                "description": "组 3",
                "translateX": 101.866,
                "translateY": 92.762,
                "items": [
                  {
                    "type": "path",
                    "pathData": "M-0.658 2.739 C-0.853,2.739 -1.051,2.696 -1.238,2.604 C-1.888,2.283 -2.156,1.495 -1.835,0.845 C-1.835,0.845 -0.522,-1.82 -0.522,-1.82 C-0.201,-2.47 0.586,-2.7390000000000003 1.238,-2.418 C1.888,-2.097 2.156,-1.31 1.835,-0.659 C1.835,-0.659 0.521,2.006 0.521,2.006 C0.29200000000000004,2.4699999999999998 -0.17400000000000004,2.739 -0.658,2.739z",
                    "fill": "rgb(255,255,255,1)"
                  }
                ],
                "type": "group"
              },
              {
                "description": "组 2",
                "translateX": 115.68,
                "translateY": 123.493,
                "opacity": 0.08,
                "items": [
                  {
                    "type": "path",
                    "pathData": "M81.083 -55.148 C85.013,-51.93000000000001 87.533,-47.047 87.533,-41.602 C87.533,-41.602 87.533,26.292 87.533,26.292 C87.533,26.292 87.533,35.448 87.533,35.448 C87.533,35.448 87.533,41.977 87.533,41.977 C87.533,47.776999999999994 82.78800000000001,52.521 76.989,52.521 C76.989,52.521 -88.857,52.521 -88.857,52.521 C-89.918,52.521 -90.94300000000001,52.359 -91.912,52.064 C-90.001,53.967 -87.372,55.148 -84.479,55.148 C-84.479,55.148 81.367,55.148 81.367,55.148 C87.16600000000001,55.148 91.911,50.403 91.911,44.604 C91.911,44.604 91.911,38.075 91.911,38.075 C91.911,38.075 91.911,28.918 91.911,28.918 C91.911,28.918 91.911,-38.976 91.911,-38.976 C91.911,-46.243 87.422,-52.507000000000005 81.083,-55.148z",
                    "fill": "rgb(0,0,0,1)"
                  }
                ],
                "type": "group"
              },
              {
                "description": "组 1",
                "translateX": 5.238,
                "translateY": 174.03,
                "items": [
                  {
                    "type": "path",
                    "pathData": "M0.432 5.092 C-0.24000000000000005,5.092 -0.8529999999999999,4.638 -1.023,3.957 C-2.1159999999999997,-0.4169999999999998 -1.038,-3.742 -0.991,-3.882 C-0.729,-4.667 0.121,-5.0920000000000005 0.907,-4.83 C1.691,-4.569 2.116,-3.723 1.858,-2.939 C1.848,-2.908 1.0179999999999998,-0.2519999999999998 1.888,3.229 C2.089,4.032 1.6,4.847 0.797,5.048 C0.675,5.078 0.552,5.092 0.432,5.092z",
                    "fill": "rgb(255,255,255,1)"
                  }
                ],
                "type": "group"
              }
            ],
            "type": "group",
            "translateX": "${(@ease51(frame)-112.038)}",
            "translateY": "${(@ease52(frame)-101.368)}",
            "pivotX": 112.038,
            "pivotY": 101.368
          },
          {
            "description": "paper1",
            "items": [
              {
                "description": "组 1",
                "translateX": 10.76,
                "translateY": 8.444,
                "items": [
                  {
                    "type": "path",
                    "pathData": "M10.51 5.423 C10.51,5.423 -9.298,8.194 -9.298,8.194 C-9.298,8.194 -10.51,-0.472 -10.51,-0.472 C-10.51,-0.472 8.605,-8.194 8.605,-8.194 C8.605,-8.194 10.51,5.423 10.51,5.423z",
                    "fill": "rgb(255,93.07500457776,147.89999389657498,1)"
                  }
                ],
                "type": "group"
              }
            ],
            "type": "group",
            "translateX": "${(@ease48(frame)-10.76)}",
            "translateY": "${(@ease49(frame)-8.444)}",
            "pivotX": 10.76,
            "pivotY": 8.444,
            "rotation": "${@ease2(frame)}",
            "opacity": "${frame >= 18 && frame <= 296 ? (@ease1(frame)*0.01) : 0}"
          },
          {
            "description": "paper2",
            "items": [
              {
                "description": "组 1",
                "translateX": 5.962,
                "translateY": 9.338,
                "items": [
                  {
                    "type": "path",
                    "pathData": "M-4.783 -9.088 C-4.783,-9.088 -5.712,9.088 -5.712,9.088 C-5.712,9.088 5.712,-2.535 5.712,-2.535 C5.712,-2.535 -4.783,-9.088 -4.783,-9.088z",
                    "fill": "rgb(56.09999847408,220.06498718268,181.049987792895,1)"
                  }
                ],
                "type": "group"
              }
            ],
            "type": "group",
            "translateX": "${(@ease45(frame)-5.962)}",
            "translateY": "${(@ease46(frame)-9.338)}",
            "pivotX": 5.962,
            "pivotY": 9.338,
            "rotation": "${@ease7(frame)}",
            "opacity": "${frame >= 19 && frame <= 297 ? (@ease6(frame)*0.01) : 0}"
          },
          {
            "description": "paper3",
            "items": [
              {
                "description": "组 1",
                "translateX": 8.205,
                "translateY": 6.438,
                "items": [
                  {
                    "type": "path",
                    "pathData": "M7.955 -6.188 C7.955,-6.188 -7.955,2.652 -7.955,2.652 C-7.955,2.652 7.955,6.188 7.955,6.188 C7.955,6.188 7.955,-6.188 7.955,-6.188z",
                    "fill": "rgb(255,210.11999511726,3.0599999428799998,1)"
                  }
                ],
                "type": "group"
              }
            ],
            "type": "group",
            "translateX": "${(@ease42(frame)-8.205)}",
            "translateY": "${(@ease43(frame)-6.438)}",
            "pivotX": 8.205,
            "pivotY": 6.438,
            "rotation": "${@ease2(frame)}",
            "opacity": "${frame >= 18 && frame <= 296 ? (@ease1(frame)*0.01) : 0}"
          },
          {
            "description": "paper4",
            "items": [
              {
                "description": "组 1",
                "translateX": 9.625,
                "translateY": 11.075,
                "items": [
                  {
                    "type": "path",
                    "pathData": "M9.375 0 C9.375,0 -9.375,-10.825 -9.375,-10.825 C-9.375,-10.825 -9.375,10.825 -9.375,10.825 C-9.375,10.825 9.375,0 9.375,0z",
                    "fill": "rgb(56.09999847408,220.06498718268,181.049987792895,1)"
                  }
                ],
                "type": "group"
              }
            ],
            "type": "group",
            "translateX": "${(@ease39(frame)-9.625)}",
            "translateY": "${(@ease40(frame)-11.075)}",
            "pivotX": 9.625,
            "pivotY": 11.075,
            "rotation": "${@ease38(frame)}",
            "opacity": "${frame >= 20 && frame <= 298 ? (@ease37(frame)*0.01) : 0}"
          },
          {
            "description": "paper5",
            "items": [
              {
                "description": "组 1",
                "translateX": 8.426,
                "translateY": 8.466,
                "items": [
                  {
                    "type": "path",
                    "pathData": "M8.176 -8.141 C8.176,-8.141 2.252,6.405 2.252,6.405 C2.252,6.405 -8.176,8.216 -8.176,8.216 C-8.176,8.216 -3.907,-8.216 -3.907,-8.216 C-3.907,-8.216 8.176,-8.141 8.176,-8.141z",
                    "fill": "rgb(55.080001831154995,221.084991455205,176.970001220685,1)"
                  }
                ],
                "type": "group"
              }
            ],
            "type": "group",
            "translateX": "${(@ease34(frame)-8.426)}",
            "translateY": "${(@ease35(frame)-8.466)}",
            "pivotX": 8.426,
            "pivotY": 8.466,
            "rotation": "${@ease2(frame)}",
            "opacity": "${frame >= 18 && frame <= 296 ? (@ease1(frame)*0.01) : 0}"
          },
          {
            "description": "paper6",
            "items": [
              {
                "description": "组 1",
                "translateX": 7.11,
                "translateY": 7.111,
                "items": [
                  {
                    "type": "path",
                    "pathData": "M4.419 4.419 C1.9789999999999996,6.859999999999999 -1.9789999999999996,6.859999999999999 -4.419,4.419 C-6.859999999999999,1.9779999999999998 -6.859999999999999,-1.9779999999999998 -4.419,-4.419 C-1.9789999999999996,-6.859999999999999 1.9789999999999996,-6.859999999999999 4.419,-4.419 C6.859999999999999,-1.9779999999999998 6.859999999999999,1.9779999999999998 4.419,4.419z",
                    "fill": "rgb(255,210.11999511726,3.0599999428799998,1)"
                  }
                ],
                "type": "group"
              }
            ],
            "type": "group",
            "translateX": "${(@ease31(frame)-7.11)}",
            "translateY": "${(@ease32(frame)-7.111)}",
            "pivotX": 7.11,
            "pivotY": 7.111,
            "rotation": "${@ease2(frame)}",
            "opacity": "${frame >= 18 && frame <= 296 ? (@ease1(frame)*0.01) : 0}"
          },
          {
            "description": "paper7",
            "items": [
              {
                "description": "组 1",
                "translateX": 7.11,
                "translateY": 7.11,
                "items": [
                  {
                    "type": "path",
                    "pathData": "M4.419 4.419 C1.9789999999999996,6.859999999999999 -1.979,6.859999999999999 -4.42,4.419 C-6.859999999999999,1.9789999999999996 -6.859999999999999,-1.979 -4.42,-4.42 C-1.979,-6.859999999999999 1.9789999999999996,-6.859999999999999 4.419,-4.42 C6.859999999999999,-1.979 6.859999999999999,1.9789999999999996 4.419,4.419z",
                    "fill": "rgb(57.884998321590004,167.024993896575,255,1)"
                  }
                ],
                "type": "group"
              }
            ],
            "type": "group",
            "translateX": "${(@ease28(frame)-7.11)}",
            "translateY": "${(@ease29(frame)-7.11)}",
            "pivotX": 7.11,
            "pivotY": 7.11,
            "scaleY": 0.92,
            "rotation": "${@ease2(frame)}",
            "opacity": "${frame >= 18 && frame <= 296 ? (@ease1(frame)*0.01) : 0}"
          },
          {
            "description": "paper8",
            "items": [
              {
                "description": "组 1",
                "translateX": 7.11,
                "translateY": 7.11,
                "items": [
                  {
                    "type": "path",
                    "pathData": "M4.42 4.42 C1.979,6.859999999999999 -1.9779999999999998,6.859999999999999 -4.419,4.42 C-6.859999999999999,1.979 -6.859999999999999,-1.9779999999999998 -4.419,-4.419 C-1.9779999999999998,-6.859999999999999 1.979,-6.859999999999999 4.42,-4.419 C6.861,-1.9779999999999998 6.861,1.979 4.42,4.42z",
                    "fill": "rgb(56.09999847408,220.06498718268,181.049987792895,1)"
                  }
                ],
                "type": "group"
              }
            ],
            "type": "group",
            "translateX": "${(@ease25(frame)-7.11)}",
            "translateY": "${(@ease26(frame)-7.11)}",
            "pivotX": 7.11,
            "pivotY": 7.11,
            "rotation": "${@ease7(frame)}",
            "opacity": "${frame >= 19 && frame <= 297 ? (@ease6(frame)*0.01) : 0}"
          },
          {
            "description": "star1",
            "items": [
              {
                "description": "组 1",
                "translateX": 13.736,
                "translateY": 13.736,
                "items": [
                  {
                    "type": "path",
                    "pathData": "M5.396 -4.533 C5.396,-4.533 12.244,-2.6 12.244,-2.6 C13.27,-2.31 13.486,-0.95 12.599,-0.357 C12.599,-0.357 6.684,3.597 6.684,3.597 C6.322,3.839 6.111999999999999,4.25 6.129,4.684 C6.129,4.684 6.407,11.795 6.407,11.795 C6.449,12.861 5.222,13.485 4.384,12.825 C4.384,12.825 -1.205,8.421 -1.205,8.421 C-1.546,8.152 -2.0020000000000002,8.08 -2.411,8.23 C-2.411,8.23 -9.086,10.692 -9.086,10.692 C-10.087,11.061 -11.061,10.088 -10.692,9.087 C-10.692,9.087 -8.23,2.411 -8.23,2.411 C-8.08,2.003 -8.152,1.546 -8.421,1.205 C-8.421,1.205 -12.826,-4.385 -12.826,-4.385 C-13.486,-5.2219999999999995 -12.861,-6.449000000000001 -11.795,-6.408 C-11.795,-6.408 -4.685,-6.13 -4.685,-6.13 C-4.25,-6.1129999999999995 -3.838,-6.322 -3.597,-6.683 C-3.597,-6.683 0.357,-12.598 0.357,-12.598 C0.95,-13.485000000000001 2.31,-13.270999999999999 2.6,-12.244 C2.6,-12.244 4.533,-5.395 4.533,-5.395 C4.65,-4.976999999999999 4.978,-4.651000000000001 5.396,-4.533z",
                    "fill": "rgb(255,210.11999511726,3.0599999428799998,1)"
                  }
                ],
                "type": "group"
              }
            ],
            "type": "group",
            "translateX": "${(@ease22(frame)-13.765)}",
            "translateY": "${(@ease23(frame)-13.706)}",
            "pivotX": 13.765,
            "pivotY": 13.706,
            "rotation": "${@ease2(frame)}",
            "opacity": "${frame >= 18 && frame <= 296 ? (@ease1(frame)*0.01) : 0}"
          },
          {
            "description": "star2",
            "items": [
              {
                "description": "组 1",
                "translateX": 7.107,
                "translateY": 7.46,
                "items": [
                  {
                    "type": "path",
                    "pathData": "M4.747 0.322 C4.747,0.322 6.582,3.602 6.582,3.602 C6.857,4.093 6.431,4.681 5.878,4.572 C5.878,4.572 2.192,3.839 2.192,3.839 C1.9680000000000002,3.795 1.7349999999999999,3.87 1.579,4.038 C1.579,4.038 -0.972,6.797 -0.972,6.797 C-1.354,7.21 -2.0450000000000004,6.985 -2.111,6.426 C-2.111,6.426 -2.554,2.695 -2.554,2.695 C-2.581,2.4669999999999996 -2.7249999999999996,2.269 -2.933,2.173 C-2.933,2.173 -6.345,0.599 -6.345,0.599 C-6.856999999999999,0.363 -6.856999999999999,-0.364 -6.345,-0.599 C-6.345,-0.599 -2.933,-2.173 -2.933,-2.173 C-2.7249999999999996,-2.269 -2.581,-2.4669999999999996 -2.554,-2.695 C-2.554,-2.695 -2.111,-6.426 -2.111,-6.426 C-2.0450000000000004,-6.985 -1.354,-7.21 -0.972,-6.796 C-0.972,-6.796 1.579,-4.038 1.579,-4.038 C1.7349999999999999,-3.869 1.9680000000000002,-3.794 2.192,-3.839 C2.192,-3.839 5.878,-4.57 5.878,-4.57 C6.431,-4.679 6.857,-4.0920000000000005 6.582,-3.6 C6.582,-3.6 4.747,-0.323 4.747,-0.323 C4.635,-0.122 4.635,0.122 4.747,0.322z",
                    "fill": "rgb(57.884998321590004,167.024993896575,255,1)"
                  }
                ],
                "type": "group"
              }
            ],
            "type": "group",
            "translateX": "${(@ease19(frame)-7.076)}",
            "translateY": "${(@ease20(frame)-7.46)}",
            "pivotX": 7.076,
            "pivotY": 7.46,
            "rotation": "${@ease2(frame)}",
            "opacity": "${frame >= 18 && frame <= 296 ? (@ease1(frame)*0.01) : 0}"
          },
          {
            "description": "star3",
            "items": [
              {
                "description": "组 1",
                "translateX": 7.107,
                "translateY": 7.46,
                "items": [
                  {
                    "type": "path",
                    "pathData": "M4.747 0.322 C4.747,0.322 6.582,3.602 6.582,3.602 C6.857,4.093 6.43,4.681 5.877,4.572 C5.877,4.572 2.192,3.839 2.192,3.839 C1.967,3.794 1.734,3.87 1.579,4.038 C1.579,4.038 -0.972,6.797 -0.972,6.797 C-1.355,7.21 -2.0460000000000003,6.985 -2.112,6.426 C-2.112,6.426 -2.555,2.695 -2.555,2.695 C-2.581,2.4669999999999996 -2.725,2.269 -2.934,2.173 C-2.934,2.173 -6.345,0.599 -6.345,0.599 C-6.856999999999999,0.363 -6.856999999999999,-0.364 -6.345,-0.6 C-6.345,-0.6 -2.934,-2.173 -2.934,-2.173 C-2.725,-2.269 -2.581,-2.4669999999999996 -2.555,-2.695 C-2.555,-2.695 -2.112,-6.426 -2.112,-6.426 C-2.0460000000000003,-6.985 -1.355,-7.21 -0.972,-6.797 C-0.972,-6.797 1.579,-4.038 1.579,-4.038 C1.734,-3.869 1.967,-3.794 2.192,-3.839 C2.192,-3.839 5.877,-4.57 5.877,-4.57 C6.43,-4.680000000000001 6.857,-4.0920000000000005 6.582,-3.6 C6.582,-3.6 4.747,-0.323 4.747,-0.323 C4.635,-0.122 4.635,0.122 4.747,0.322z",
                    "fill": "rgb(253.979995727475,95.879997253395,32.89499664318,1)"
                  }
                ],
                "type": "group"
              }
            ],
            "type": "group",
            "translateX": "${(@ease16(frame)-7.076)}",
            "translateY": "${(@ease17(frame)-7.46)}",
            "pivotX": 7.076,
            "pivotY": 7.46,
            "rotation": "${@ease15(frame)}",
            "opacity": "${frame >= 21 && frame <= 299 ? (@ease14(frame)*0.01) : 0}"
          },
          {
            "description": "box1",
            "items": [
              {
                "description": "组 5",
                "translateX": 14.155,
                "translateY": 20.487,
                "items": [
                  {
                    "type": "path",
                    "pathData": "M4.153 12.388 C4.153,12.388 -11.841,5.525 -11.841,5.525 C-13.248,4.921 -13.905,3.275 -13.301,1.867 C-13.301,1.867 -7.81,-10.927 -7.81,-10.927 C-7.2059999999999995,-12.334999999999999 -5.561,-12.991999999999999 -4.153,-12.388 C-4.153,-12.388 11.84,-5.525 11.84,-5.525 C13.248,-4.921 13.905,-3.275 13.301,-1.867 C13.301,-1.867 7.81,10.928 7.81,10.928 C7.2059999999999995,12.335 5.56,12.991999999999999 4.153,12.388z",
                    "fill": "rgb(181.049987792895,121.125,250.92001342779,1)"
                  }
                ],
                "type": "group"
              },
              {
                "description": "组 4",
                "translateX": 17.724,
                "translateY": 12.171,
                "items": [
                  {
                    "type": "path",
                    "pathData": "M12.249 1.468 C12.249,1.468 -9.503,-7.866 -9.503,-7.866 C-10.207,-8.168 -11.029,-7.84 -11.331,-7.136 C-11.331,-7.136 -12.979,-3.298 -12.979,-3.298 C-13.280999999999999,-2.5940000000000003 -12.953000000000001,-1.7710000000000001 -12.249,-1.469 C-12.249,-1.469 9.503,7.865 9.503,7.865 C10.207,8.168000000000001 11.029,7.8389999999999995 11.331,7.135 C11.331,7.135 12.979,3.297 12.979,3.297 C13.280999999999999,2.593 12.953000000000001,1.77 12.249,1.468z",
                    "fill": "rgb(159.88499450679,112.964996337945,234.089996337945,1)"
                  }
                ],
                "type": "group"
              },
              {
                "description": "组 3",
                "translateX": 14.704,
                "translateY": 19.208,
                "items": [
                  {
                    "type": "path",
                    "pathData": "M-2.154 11.197 C-2.154,11.197 -6.632,9.275 -6.632,9.275 C-6.632,9.275 2.154,-11.197 2.154,-11.197 C2.154,-11.197 6.632,-9.275 6.632,-9.275 C6.632,-9.275 -2.154,11.197 -2.154,11.197z",
                    "fill": "rgb(54.05999755863,223.125,177.99000549321002,1)"
                  }
                ],
                "type": "group"
              },
              {
                "description": "组 2",
                "translateX": 18.048,
                "translateY": 5.092,
                "items": [
                  {
                    "type": "path",
                    "pathData": "M-1.19 2.919 C-1.19,2.919 -1.468,0.19599999999999995 -3.582,-1.62 C-3.838,-1.84 -3.6660000000000004,-2.259 -3.329,-2.231 C-3.329,-2.231 -1.586,-2.085 -1.586,-2.085 C-1.4280000000000002,-2.072 -1.2810000000000001,-2.165 -1.229,-2.314 C-1.086,-2.718 -0.838,-3.5470000000000006 -0.863,-4.376 C-0.872,-4.69 -0.482,-4.842 -0.263,-4.617 C1.13,-3.182 3.838,0.25399999999999956 3.288,4.842 C3.288,4.842 -1.19,2.919 -1.19,2.919z",
                    "fill": "rgb(54.05999755863,223.125,177.99000549321002,1)"
                  }
                ],
                "type": "group"
              },
              {
                "description": "组 1",
                "translateX": 22.823,
                "translateY": 8.063,
                "items": [
                  {
                    "type": "path",
                    "pathData": "M-5.965 -0.052 C-5.965,-0.052 -1.347,-3.751 2.309,-2.561 C5.965,-1.371 2.897,3.751 2.897,3.751 C2.897,3.751 -5.965,-0.052 -5.965,-0.052z",
                    "fill": "rgb(54.05999755863,223.125,177.99000549321002,1)"
                  }
                ],
                "type": "group"
              }
            ],
            "type": "group",
            "translateX": "${(@ease11(frame)-15.722)}",
            "translateY": "${(@ease12(frame)-16.734)}",
            "pivotX": 15.722,
            "pivotY": 16.734,
            "rotation": "${@ease2(frame)}",
            "opacity": "${frame >= 18 && frame <= 296 ? (@ease1(frame)*0.01) : 0}"
          },
          {
            "description": "box2",
            "items": [
              {
                "description": "组 5",
                "translateX": 14,
                "translateY": 26.665,
                "items": [
                  {
                    "type": "path",
                    "pathData": "M9.046 10.132 C9.046,10.132 -9.046,10.132 -9.046,10.132 C-10.638,10.132 -11.941,8.829 -11.941,7.237 C-11.941,7.237 -11.941,-7.237 -11.941,-7.237 C-11.941,-8.829 -10.638,-10.132 -9.046,-10.132 C-9.046,-10.132 9.046,-10.132 9.046,-10.132 C10.638,-10.132 11.941,-8.829 11.941,-7.237 C11.941,-7.237 11.941,7.237 11.941,7.237 C11.941,8.829 10.638,10.132 9.046,10.132z",
                    "fill": "rgb(252.959991455205,94.09499359134,147.89999389657498,1)"
                  }
                ],
                "type": "group"
              },
              {
                "description": "组 4",
                "translateX": 14,
                "translateY": 17.256,
                "items": [
                  {
                    "type": "path",
                    "pathData": "M12.303 -3.619 C12.303,-3.619 -12.302,-3.619 -12.302,-3.619 C-13.097999999999999,-3.619 -13.75,-2.9669999999999996 -13.75,-2.171 C-13.75,-2.171 -13.75,2.171 -13.75,2.171 C-13.75,2.9659999999999997 -13.097999999999999,3.619 -12.302,3.619 C-12.302,3.619 12.303,3.619 12.303,3.619 C13.099,3.619 13.75,2.9659999999999997 13.75,2.171 C13.75,2.171 13.75,-2.171 13.75,-2.171 C13.75,-2.9669999999999996 13.099,-3.619 12.303,-3.619z",
                    "fill": "rgb(238.93499755863002,85.935005187975,145.095001220685,1)"
                  }
                ],
                "type": "group"
              },
              {
                "description": "组 3",
                "translateX": 14.001,
                "translateY": 25.217,
                "items": [
                  {
                    "type": "path",
                    "pathData": "M2.533 11.579 C2.533,11.579 -2.533,11.579 -2.533,11.579 C-2.533,11.579 -2.533,-11.579 -2.533,-11.579 C-2.533,-11.579 2.533,-11.579 2.533,-11.579 C2.533,-11.579 2.533,11.579 2.533,11.579z",
                    "fill": "rgb(14.02499961852,172.125,255,1)"
                  }
                ],
                "type": "group"
              },
              {
                "description": "组 2",
                "translateX": 9.477,
                "translateY": 6.944,
                "items": [
                  {
                    "type": "path",
                    "pathData": "M2.228 4.523 C-0.49099999999999966,3.9099999999999997 -3.34,2.902 -4.387,2.21 C-4.101,1.724 -3.423,0.98 -2.335,0.98 C-1.564,0.98 0.2610000000000001,1.388 2.859,4.523 C2.859,4.523 2.228,4.523 2.228,4.523zM-6.694 2.714 C-6.333,4.885 1.99,6.694 1.99,6.694 C1.99,6.694 7.056,6.694 7.056,6.694 C-1.2670000000000003,-6.694 -7.056,0.5430000000000001 -6.694,2.714z",
                    "fill": "rgb(14.02499961852,172.125,255,1)"
                  }
                ],
                "type": "group"
              },
              {
                "description": "组 1",
                "translateX": 18.507,
                "translateY": 6.944,
                "items": [
                  {
                    "type": "path",
                    "pathData": "M-2.859 4.523 C-0.2610000000000001,1.388 1.564,0.98 2.335,0.98 C3.423,0.98 4.1,1.724 4.387,2.21 C3.34,2.902 0.49099999999999966,3.9099999999999997 -2.228,4.523 C-2.228,4.523 -2.859,4.523 -2.859,4.523zM-7.056 6.694 C-7.056,6.694 -1.99,6.694 -1.99,6.694 C-1.99,6.694 6.332,4.885 6.694,2.714 C7.056,0.5430000000000001 1.2659999999999991,-6.694 -7.056,6.694z",
                    "fill": "rgb(14.02499961852,172.125,255,1)"
                  }
                ],
                "type": "group"
              }
            ],
            "type": "group",
            "translateX": "${(@ease8(frame)-14)}",
            "translateY": "${(@ease9(frame)-21.275)}",
            "pivotX": 14,
            "pivotY": 21.275,
            "rotation": "${@ease7(frame)}",
            "opacity": "${frame >= 19 && frame <= 297 ? (@ease6(frame)*0.01) : 0}"
          },
          {
            "description": "box3",
            "items": [
              {
                "description": "组 5",
                "translateX": 14.001,
                "translateY": 26.665,
                "items": [
                  {
                    "type": "path",
                    "pathData": "M9.046 10.132 C9.046,10.132 -9.046,10.132 -9.046,10.132 C-10.638,10.132 -11.941,8.829 -11.941,7.237 C-11.941,7.237 -11.941,-7.237 -11.941,-7.237 C-11.941,-8.829 -10.638,-10.132 -9.046,-10.132 C-9.046,-10.132 9.046,-10.132 9.046,-10.132 C10.638,-10.132 11.941,-8.829 11.941,-7.237 C11.941,-7.237 11.941,7.237 11.941,7.237 C11.941,8.829 10.638,10.132 9.046,10.132z",
                    "fill": "rgb(58.905002594115004,168.044998168845,255,1)"
                  }
                ],
                "type": "group"
              },
              {
                "description": "组 4",
                "translateX": 14,
                "translateY": 17.256,
                "items": [
                  {
                    "type": "path",
                    "pathData": "M12.303 -3.619 C12.303,-3.619 -12.302,-3.619 -12.302,-3.619 C-13.097999999999999,-3.619 -13.75,-2.9669999999999996 -13.75,-2.171 C-13.75,-2.171 -13.75,2.171 -13.75,2.171 C-13.75,2.9659999999999997 -13.097999999999999,3.619 -12.302,3.619 C-12.302,3.619 12.303,3.619 12.303,3.619 C13.099,3.619 13.75,2.9659999999999997 13.75,2.171 C13.75,2.171 13.75,-2.171 13.75,-2.171 C13.75,-2.9669999999999996 13.099,-3.619 12.303,-3.619z",
                    "fill": "rgb(53.04000091545,162.94499206542,236.895004272525,1)"
                  }
                ],
                "type": "group"
              },
              {
                "description": "组 3",
                "translateX": 14,
                "translateY": 25.217,
                "items": [
                  {
                    "type": "path",
                    "pathData": "M2.533 11.579 C2.533,11.579 -2.533,11.579 -2.533,11.579 C-2.533,11.579 -2.533,-11.579 -2.533,-11.579 C-2.533,-11.579 2.533,-11.579 2.533,-11.579 C2.533,-11.579 2.533,11.579 2.533,11.579z",
                    "fill": "rgb(255,210.11999511726,3.0599999428799998,1)"
                  }
                ],
                "type": "group"
              },
              {
                "description": "组 2",
                "translateX": 9.477,
                "translateY": 6.944,
                "items": [
                  {
                    "type": "path",
                    "pathData": "M2.228 4.523 C-0.492,3.9099999999999997 -3.3390000000000004,2.902 -4.386,2.21 C-4.1000000000000005,1.724 -3.423,0.98 -2.335,0.98 C-1.564,0.98 0.2599999999999998,1.388 2.859,4.523 C2.859,4.523 2.228,4.523 2.228,4.523zM-6.694 2.714 C-6.333,4.885 1.99,6.694 1.99,6.694 C1.99,6.694 7.056,6.694 7.056,6.694 C-1.2659999999999991,-6.694 -7.056,0.5430000000000001 -6.694,2.714z",
                    "fill": "rgb(255,210.11999511726,3.0599999428799998,1)"
                  }
                ],
                "type": "group"
              },
              {
                "description": "组 1",
                "translateX": 18.507,
                "translateY": 6.944,
                "items": [
                  {
                    "type": "path",
                    "pathData": "M-2.859 4.523 C-0.2599999999999998,1.388 1.564,0.98 2.335,0.98 C3.423,0.98 4.1000000000000005,1.724 4.386,2.21 C3.3390000000000004,2.902 0.492,3.9099999999999997 -2.227,4.523 C-2.227,4.523 -2.859,4.523 -2.859,4.523zM-7.055 6.694 C-7.055,6.694 -1.99,6.694 -1.99,6.694 C-1.99,6.694 6.332000000000001,4.885 6.695,2.714 C7.056,0.5430000000000001 1.2669999999999995,-6.694 -7.055,6.694z",
                    "fill": "rgb(255,210.11999511726,3.0599999428799998,1)"
                  }
                ],
                "type": "group"
              }
            ],
            "type": "group",
            "translateX": "${(@ease3(frame)-14)}",
            "translateY": "${(@ease4(frame)-21.275)}",
            "pivotX": 14,
            "pivotY": 21.275,
            "rotation": "${@ease2(frame)}",
            "opacity": "${frame >= 18 && frame <= 296 ? (@ease1(frame)*0.01) : 0}"
          }
        ],
        "parameters": [
          {
            "name": "frame",
            "value": 0
          }
        ],
        "resources": [
          {
            "easing": {
              "ease1": "curve(18,0,0.333,0,0.667,1) curve(26,100,0.333,0,0.667,1) curve(48,100,0.333,0,0.667,1) end(56,0)",
              "ease2": "curve(18,0,0.333,0,0.667,1) end(56,360)",
              "ease3": "spatial(3,0) scurve(18,243.317,251.425,0,31.583,-48.417,0,-54.083,-13.083,0,0.333,0,0.667,1) send(56,474.817,167.925,0)",
              "ease4": "spatial(3,1) scurve(18,243.317,251.425,0,31.583,-48.417,0,-54.083,-13.083,0,0.333,0,0.667,1) send(56,474.817,167.925,0)",
              "ease5": "spatial(3,2) scurve(18,243.317,251.425,0,31.583,-48.417,0,-54.083,-13.083,0,0.333,0,0.667,1) send(56,474.817,167.925,0)",
              "ease6": "curve(19,0,0.333,0,0.667,1) curve(27,100,0.333,0,0.667,1) curve(49,100,0.333,0,0.667,1) end(57,0)",
              "ease7": "curve(19,0,0.333,0,0.667,1) end(57,360)",
              "ease8": "spatial(3,0) scurve(19,245.317,248.925,0,-6.417,-37.417,0,40.917,-12.083,0,0.333,0,0.667,1) send(57,121.817,147.425,0)",
              "ease9": "spatial(3,1) scurve(19,245.317,248.925,0,-6.417,-37.417,0,40.917,-12.083,0,0.333,0,0.667,1) send(57,121.817,147.425,0)",
              "ease10": "spatial(3,2) scurve(19,245.317,248.925,0,-6.417,-37.417,0,40.917,-12.083,0,0.333,0,0.667,1) send(57,121.817,147.425,0)",
              "ease11": "spatial(3,0) scurve(18,229.317,245.425,0,1.583,-42.417,0,-101.083,-16.083,0,0.333,0,0.667,1) send(56,430.817,129.425,0)",
              "ease12": "spatial(3,1) scurve(18,229.317,245.425,0,1.583,-42.417,0,-101.083,-16.083,0,0.333,0,0.667,1) send(56,430.817,129.425,0)",
              "ease13": "spatial(3,2) scurve(18,229.317,245.425,0,1.583,-42.417,0,-101.083,-16.083,0,0.333,0,0.667,1) send(56,430.817,129.425,0)",
              "ease14": "curve(21,0,0.333,0,0.667,1) curve(29,100,0.333,0,0.667,1) curve(51,100,0.333,0,0.667,1) end(59,0)",
              "ease15": "curve(21,0,0.333,0,0.667,1) end(59,360)",
              "ease16": "spatial(3,0) scurve(21,243.317,251.425,0,-21.917,-31.917,0,41.417,-31.083,0,0.333,0,0.667,1) send(59,67.317,214.925,0)",
              "ease17": "spatial(3,1) scurve(21,243.317,251.425,0,-21.917,-31.917,0,41.417,-31.083,0,0.333,0,0.667,1) send(59,67.317,214.925,0)",
              "ease18": "spatial(3,2) scurve(21,243.317,251.425,0,-21.917,-31.917,0,41.417,-31.083,0,0.333,0,0.667,1) send(59,67.317,214.925,0)",
              "ease19": "spatial(3,0) scurve(18,233.817,240.925,0,10.083,-31.917,0,-37.083,-74.083,0,0.333,0,0.667,1) send(56,375.317,285.925,0)",
              "ease20": "spatial(3,1) scurve(18,233.817,240.925,0,10.083,-31.917,0,-37.083,-74.083,0,0.333,0,0.667,1) send(56,375.317,285.925,0)",
              "ease21": "spatial(3,2) scurve(18,233.817,240.925,0,10.083,-31.917,0,-37.083,-74.083,0,0.333,0,0.667,1) send(56,375.317,285.925,0)",
              "ease22": "spatial(3,0) scurve(18,206.317,246.925,0,-0.417,-28.917,0,-39.583,22.417,0,0.333,0,0.667,1) send(56,268.817,105.425,0)",
              "ease23": "spatial(3,1) scurve(18,206.317,246.925,0,-0.417,-28.917,0,-39.583,22.417,0,0.333,0,0.667,1) send(56,268.817,105.425,0)",
              "ease24": "spatial(3,2) scurve(18,206.317,246.925,0,-0.417,-28.917,0,-39.583,22.417,0,0.333,0,0.667,1) send(56,268.817,105.425,0)",
              "ease25": "spatial(3,0) scurve(19,230.817,240.425,0,-11.917,-47.917,0,22.417,0.417,0,0.333,0,0.667,1) send(57,119.317,106.425,0)",
              "ease26": "spatial(3,1) scurve(19,230.817,240.425,0,-11.917,-47.917,0,22.417,0.417,0,0.333,0,0.667,1) send(57,119.317,106.425,0)",
              "ease27": "spatial(3,2) scurve(19,230.817,240.425,0,-11.917,-47.917,0,22.417,0.417,0,0.333,0,0.667,1) send(57,119.317,106.425,0)",
              "ease28": "spatial(3,0) scurve(18,228.817,230.425,0,-47.917,-31.417,0,4.917,-45.583,0,0.333,0,0.667,1) send(56,114.317,279.425,0)",
              "ease29": "spatial(3,1) scurve(18,228.817,230.425,0,-47.917,-31.417,0,4.917,-45.583,0,0.333,0,0.667,1) send(56,114.317,279.425,0)",
              "ease30": "spatial(3,2) scurve(18,228.817,230.425,0,-47.917,-31.417,0,4.917,-45.583,0,0.333,0,0.667,1) send(56,114.317,279.425,0)",
              "ease31": "spatial(3,0) scurve(18,243.317,251.425,0,5.583,-51.417,0,32.917,2.417,0,0.333,0,0.667,1) send(56,165.317,92.425,0)",
              "ease32": "spatial(3,1) scurve(18,243.317,251.425,0,5.583,-51.417,0,32.917,2.417,0,0.333,0,0.667,1) send(56,165.317,92.425,0)",
              "ease33": "spatial(3,2) scurve(18,243.317,251.425,0,5.583,-51.417,0,32.917,2.417,0,0.333,0,0.667,1) send(56,165.317,92.425,0)",
              "ease34": "spatial(3,0) scurve(18,243.317,251.425,0,-0.917,-53.417,0,-63.583,16.417,0,0.333,0,0.667,1) send(56,346.817,86.925,0)",
              "ease35": "spatial(3,1) scurve(18,243.317,251.425,0,-0.917,-53.417,0,-63.583,16.417,0,0.333,0,0.667,1) send(56,346.817,86.925,0)",
              "ease36": "spatial(3,2) scurve(18,243.317,251.425,0,-0.917,-53.417,0,-63.583,16.417,0,0.333,0,0.667,1) send(56,346.817,86.925,0)",
              "ease37": "curve(20,0,0.333,0,0.667,1) curve(28,100,0.333,0,0.667,1) curve(50,100,0.333,0,0.667,1) end(58,0)",
              "ease38": "curve(20,0,0.333,0,0.667,1) end(58,360)",
              "ease39": "spatial(3,0) scurve(20,239.317,245.925,0,14.083,-48.917,0,-53.083,-65.583,0,0.333,0,0.667,1) send(58,392.817,236.925,0)",
              "ease40": "spatial(3,1) scurve(20,239.317,245.925,0,14.083,-48.917,0,-53.083,-65.583,0,0.333,0,0.667,1) send(58,392.817,236.925,0)",
              "ease41": "spatial(3,2) scurve(20,239.317,245.925,0,14.083,-48.917,0,-53.083,-65.583,0,0.333,0,0.667,1) send(58,392.817,236.925,0)",
              "ease42": "spatial(3,0) scurve(18,231.317,251.925,0,30.083,-73.917,0,-92.583,-29.083,0,0.333,0,0.667,1) send(56,423.317,138.925,0)",
              "ease43": "spatial(3,1) scurve(18,231.317,251.925,0,30.083,-73.917,0,-92.583,-29.083,0,0.333,0,0.667,1) send(56,423.317,138.925,0)",
              "ease44": "spatial(3,2) scurve(18,231.317,251.925,0,30.083,-73.917,0,-92.583,-29.083,0,0.333,0,0.667,1) send(56,423.317,138.925,0)",
              "ease45": "spatial(3,0) scurve(19,236.317,247.425,0,-6.417,-51.417,0,71.917,-53.083,0,0.333,0,0.667,1) send(57,62.317,165.425,0)",
              "ease46": "spatial(3,1) scurve(19,236.317,247.425,0,-6.417,-51.417,0,71.917,-53.083,0,0.333,0,0.667,1) send(57,62.317,165.425,0)",
              "ease47": "spatial(3,2) scurve(19,236.317,247.425,0,-6.417,-51.417,0,71.917,-53.083,0,0.333,0,0.667,1) send(57,62.317,165.425,0)",
              "ease48": "spatial(3,0) scurve(18,243.317,251.425,0,9.083,-61.417,0,-70.583,-87.083,0,0.333,0,0.667,1) send(56,427.817,208.925,0)",
              "ease49": "spatial(3,1) scurve(18,243.317,251.425,0,9.083,-61.417,0,-70.583,-87.083,0,0.333,0,0.667,1) send(56,427.817,208.925,0)",
              "ease50": "spatial(3,2) scurve(18,243.317,251.425,0,9.083,-61.417,0,-70.583,-87.083,0,0.333,0,0.667,1) send(56,427.817,208.925,0)",
              "ease51": "spatial(3,0) scurve(0,261.867,256.245,0,0,-0.667,0,0,0,0,0.167,0.167,0.833,0.833) scurve(10,261.867,252.245,0,0,0,0,0,0,0,0.167,0.167,0.833,0.833) scurve(20,261.867,256.245,0,0,0,0,0,0,0,0.167,0.167,0.833,0.833) scurve(30,261.867,252.245,0,0,0,0,0,0,0,0.167,0.167,0.833,0.833) scurve(40,261.867,256.245,0,0,0,0,0,0,0,0.167,0.167,0.833,0.833) scurve(50,261.867,252.245,0,0,0,0,0,-0.667,0,0.167,0.167,0.833,0.833) send(60,261.867,256.245,0)",
              "ease52": "spatial(3,1) scurve(0,261.867,256.245,0,0,-0.667,0,0,0,0,0.167,0.167,0.833,0.833) scurve(10,261.867,252.245,0,0,0,0,0,0,0,0.167,0.167,0.833,0.833) scurve(20,261.867,256.245,0,0,0,0,0,0,0,0.167,0.167,0.833,0.833) scurve(30,261.867,252.245,0,0,0,0,0,0,0,0.167,0.167,0.833,0.833) scurve(40,261.867,256.245,0,0,0,0,0,0,0,0.167,0.167,0.833,0.833) scurve(50,261.867,252.245,0,0,0,0,0,-0.667,0,0.167,0.167,0.833,0.833) send(60,261.867,256.245,0)",
              "ease53": "spatial(3,2) scurve(0,261.867,256.245,0,0,-0.667,0,0,0,0,0.167,0.167,0.833,0.833) scurve(10,261.867,252.245,0,0,0,0,0,0,0,0.167,0.167,0.833,0.833) scurve(20,261.867,256.245,0,0,0,0,0,0,0,0.167,0.167,0.833,0.833) scurve(30,261.867,252.245,0,0,0,0,0,0,0,0.167,0.167,0.833,0.833) scurve(40,261.867,256.245,0,0,0,0,0,0,0,0.167,0.167,0.833,0.833) scurve(50,261.867,252.245,0,0,0,0,0,-0.667,0,0.167,0.167,0.833,0.833) send(60,261.867,256.245,0)",
              "ease54": "curve(15,-87,0.333,0,0.667,1) curve(22,-10,0.167,0,0.833,1) curve(40,-10,0.167,0,0.667,1) end(52,-87)",
              "ease55": "spatial(2,0) scurve(33,32.750,123.750,53.333,0,-53.333,0,0.167,0.167,0.833,0.833) send(48,352.750,123.750)",
              "ease56": "spatial(2,1) scurve(33,32.750,123.750,53.333,0,-53.333,0,0.167,0.167,0.833,0.833) send(48,352.750,123.750)",
              "ease57": "curve(33,0,0.167,0.167,0.833,0.833) curve(37,100,0.167,0.167,0.833,0.833) curve(44,100,0.167,0.167,0.833,0.833) end(48,0)",
              "ease58": "spatial(2,0) scurve(22,8.750,169.750,56.667,0,-56.667,0,0.167,0.167,0.833,0.833) send(37,348.750,169.750)",
              "ease59": "spatial(2,1) scurve(22,8.750,169.750,56.667,0,-56.667,0,0.167,0.167,0.833,0.833) send(37,348.750,169.750)",
              "ease60": "curve(22,0,0.167,0.167,0.833,0.833) curve(26,100,0.167,0.167,0.833,0.833) curve(33,100,0.167,0.167,0.833,0.833) end(37,0)",
              "ease61": "spatial(2,0) scurve(11,66.750,42.750,66.667,0,-66.667,0,0.167,0.167,0.833,0.833) send(26,466.750,42.750)",
              "ease62": "spatial(2,1) scurve(11,66.750,42.750,66.667,0,-66.667,0,0.167,0.167,0.833,0.833) send(26,466.750,42.750)",
              "ease63": "curve(11,0,0.167,0.167,0.833,0.833) curve(15,100,0.167,0.167,0.833,0.833) curve(22,100,0.167,0.167,0.833,0.833) end(26,0)",
              "ease64": "spatial(2,0) scurve(0,71.750,2.750,46.667,0,-46.667,0,0.167,0.167,0.833,0.833) send(15,351.750,2.750)",
              "ease65": "spatial(2,1) scurve(0,71.750,2.750,46.667,0,-46.667,0,0.167,0.167,0.833,0.833) send(15,351.750,2.750)",
              "ease66": "curve(0,0,0.167,0.167,0.833,0.833) curve(4,100,0.167,0.167,0.833,0.833) curve(11,100,0.167,0.167,0.833,0.833) end(15,0)"
            }
          }
        ]
      }
    },
    "extensions": [
      {
        "name": "SmartMotion",
        "uri": "alexaext:smartmotion:10"
      }
    ],
    "mainTemplate": {
      "parameters": [
        "animationData"
      ],
      "items": [
        {
          "type": "Container",
          "width": "100%",
          "height": "100%",
          "items": [
            {
              "type": "Image",
              "source": "https://aruntalkstech.s3.amazonaws.com/EchoShow10Demo/starscity.jpg",
              "position": "absolute",
              "width": "100%",
              "height": "100%",
              "scale": "best-fill"
            },
            {
              "type": "VectorGraphic",
              "speech": "${animationData.properties.MerryChristmasAudio.url}",
              "onMount": [
                {
                  "type": "Parallel",
                  "commands": [
                    {
                      "type": "Sequential",
                      "commands": [
                        {
                          "type": "SpeakItem"
                        }
                      ]
                    },
                    {
                      "type": "Sequential",
                      "commands": [
                        {
                          "type": "Idle",
                          "duration": 500
                        },
                        {
                          "type": "SmartMotion:PlayNamedChoreo",
                          "delay": 500,
                          "name": "ScreenImpactCenter"
                        }
                      ]
                    }
                  ]
                }
              ],
              "width": "100%",
              "height": "100%",
              "align": "center",
              "source": "${animationData.properties.name}",
              "scale": "best-fit",
              "frame": "${(elapsedTime*0.06)%120}"
            }
          ]
        }
      ]
    }
  }