{
        "type": "APL",
        "version": "1.8",
        "license": "Copyright 2021 Amazon.com, Inc. or its affiliates. All Rights Reserved.\nSPDX-License-Identifier: LicenseRef-.amazon.com.-AmznSL-1.0\nLicensed under the Amazon Software License  http://aws.amazon.com/asl/",
        "import": [
            {
                "name": "alexa-layouts",
                "version": "1.5.0"
            }
        ],
        "mainTemplate": {
            "parameters": [
                "payload"
            ],
            "item": [
                {
                    "type": "Container",
                    "height": "100vh",
                    "items": [
                        {
                            "type": "AlexaBackground",
                            "backgroundImageSource": "${payload.norseTarotData.properties.image}",
                            "backgroundBlur": false,
                            "backgroundScale": "best-fill"
                        },
                        {
                            "type": "Container",
                            "height": "100vh",
                            "width": "100vw",
                            "items": [
                                {
                                    "type": "AlexaHeader",
                                    "headerTitle": "${payload.norseTarotData.properties.title}"
                                }
                            ]
                        }
                    ]
                }
            ]
        }
    }